{
  "timestamp": "2025-08-27 10:08:19",
  "onnx_runtime": {
    "mean_time": 1.9874718599999142,
    "std_time": 0.034358356179467905,
    "median_time": 1.9726745000525625,
    "min_time": 1.9629399998848385,
    "max_time": 2.1422400000119524,
    "p95_time": 2.0709365000129765,
    "p99_time": 2.1208946099727655,
    "throughput": 503.15177795777356,
    "results": [
      [
        